A:ALA:47	A:ALA:49	1.0
A:GLU:60	A:GLU:62	1.0
A:ASP:52	A:PHE:48	0.95
A:PHE:48	A:VAL:44	1.0
A:PHE:71	A:VAL:12	0.4
A:ALA:10	A:ASP:9	0.1
A:GLY:96	A:LEU:87	0.05
A:GLU:61	A:GLU:62	0.05
A:ILE:100	A:VAL:44	0.2
A:CYS:34	A:LYS:32	0.95
A:PHE:3	A:VAL:12	0.05
A:ALA:105	A:ILE:107	1.0
A:PHE:31	A:PHE:86	0.9
A:GLY:18	A:LYS:20	1.0
A:GLY:18	A:SER:24	0.25
A:LEU:64	A:LEU:66	1.0
A:ALA:105	A:GLY:109	1.0
A:GLU:82	A:PHE:25	0.85
A:ILE:50	A:VAL:6	0.4
A:LEU:36	A:PHE:71	0.2
A:ARG:76	A:PHE:25	0.7
A:MET:1	A:SER:0	0.15
A:ASP:93	A:ASP:93	0.7
A:ASP:54	A:SER:56	1.0
A:ALA:10	A:LYS:8	1.0
A:ASP:91	A:ASP:95	0.95
A:GLY:57	A:PHE:48	0.35
A:PHE:31	A:SER:37	1.0
A:ALA:2	A:SER:0	0.8
A:LEU:78	A:PHE:67	0.75
A:GLU:102	A:LYS:97	0.2
A:ARG:76	A:LYS:20	0.1
A:GLU:62	A:LEU:64	1.0
A:PHE:103	A:PHE:48	1.0
A:ASN:70	A:SER:0	0.55
A:ASP:26	A:LYS:29	1.0
A:ARG:76	A:GLU:82	1.0
A:ALA:21	A:SER:24	1.0
A:ASN:70	A:PHE:3	0.75
A:ILE:107	A:SER:37	0.55
A:ALA:15	A:ASP:17	1.0
A:ASP:91	A:LEU:87	1.0
A:MET:1	A:PHE:3	0.95
A:LYS:108	A:LYS:39	0.05
A:ALA:104	A:GLU:102	1.0
A:ASP:91	A:ILE:98	1.0
A:SER:37	A:SER:37	0.1
A:ILE:50	A:SER:0	0.05
A:ILE:59	A:PHE:48	1.0
A:GLU:63	A:PHE:67	0.75
A:ASP:17	A:THR:13	1.0
A:ASP:9	A:LEU:7	0.45
A:ALA:49	A:LYS:46	0.4
A:CYS:19	A:PHE:30	0.7
A:ALA:89	A:MET:106	0.45
A:ILE:50	A:LYS:46	1.0
A:MET:1	A:VAL:12	0.15
A:ILE:100	A:LYS:45	1.0
A:HIS:27	A:PHE:86	1.0
A:GLU:43	A:THR:41	1.0
A:ALA:4	A:LEU:7	0.95
A:LEU:64	A:LEU:87	1.0
A:LEU:64	A:LEU:78	0.25
A:ALA:49	A:ILE:51	0.95
A:ALA:81	A:ASP:80	0.1
A:ALA:89	A:HIS:27	1.0
A:ALA:4	A:VAL:6	0.75
A:CYS:34	A:PHE:30	1.0
A:GLU:63	A:ILE:59	0.8
A:PHE:25	A:PHE:86	0.6
A:GLU:63	A:PHE:58	0.65
A:HIS:27	A:LYS:29	1.0
A:ASP:95	A:GLY:96	0.15
A:ALA:22	A:ARG:76	0.95
A:ALA:47	A:LEU:36	0.65
A:GLU:102	A:ILE:98	0.25
A:ALA:33	A:PHE:30	1.0
A:THR:41	A:THR:41	0.05
A:HIS:27	A:PHE:31	1.0
A:GLU:82	A:LEU:78	1.0
A:ALA:15	A:VAL:12	1.0
A:HIS:27	A:PHE:25	0.9
A:PHE:30	A:PHE:67	0.75
A:ALA:2	A:ALA:4	1.0
A:LYS:84	A:PHE:86	1.0
A:ASP:93	A:ASP:95	1.0
A:ALA:33	A:GLU:11	0.05
A:ALA:10	A:THR:13	0.85
A:GLU:60	A:LYS:97	0.65
A:GLY:109	A:MET:106	0.4
A:PHE:3	A:PHE:71	1.0
A:ARG:76	A:LEU:78	0.75
A:ASP:95	A:ASP:95	0.65
A:GLY:90	A:LEU:87	0.8
A:ALA:15	A:GLY:18	0.4
A:ILE:98	A:LEU:64	0.85
A:GLU:62	A:LEU:66	1.0
A:ALA:22	A:SER:24	1.0
A:GLY:90	A:ILE:98	0.65
A:ALA:15	A:CYS:34	0.25
A:GLY:74	A:LYS:72	1.0
A:ALA:89	A:PHE:86	0.85
A:ALA:104	A:LYS:108	1.0
A:GLY:38	A:LEU:36	1.0
A:PHE:71	A:SER:0	0.2
A:ARG:76	A:CYS:19	1.0
A:ASP:9	A:VAL:12	1.0
A:ASP:26	A:SER:24	0.35
A:ILE:51	A:PHE:103	0.65
A:ALA:85	A:ALA:89	1.0
A:LEU:7	A:VAL:12	0.95
A:GLU:43	A:LEU:7	0.3
A:ALA:47	A:GLU:43	1.0
A:LEU:64	A:PHE:67	1.0
A:ALA:75	A:LEU:68	1.0
A:ALA:15	A:GLU:11	0.7
A:GLU:82	A:GLY:23	0.85
A:GLY:18	A:LEU:16	1.0
A:GLU:11	A:THR:13	1.0
A:ASP:9	A:GLU:11	1.0
A:PHE:67	A:PHE:86	1.0
A:ALA:77	A:LEU:66	0.4
A:GLN:53	A:ILE:50	0.1
A:LYS:88	A:PHE:86	0.75
A:LEU:16	A:VAL:12	1.0
A:ALA:15	A:ALA:33	0.4
A:LYS:45	A:PHE:48	0.9
A:ALA:81	A:ALA:85	1.0
A:ASP:101	A:PHE:103	1.0
A:GLY:35	A:SER:37	1.0
A:PHE:103	A:PHE:31	0.95
A:ALA:75	A:LYS:72	0.2
A:ALA:49	A:ASP:52	0.9
A:SER:56	A:SER:56	0.05
A:GLY:90	A:LYS:88	1.0
A:LYS:20	A:LYS:20	0.05
A:GLY:57	A:SER:56	0.05
A:LYS:29	A:LYS:32	1.0
A:ALA:47	A:ILE:50	1.0
A:ILE:98	A:PHE:103	0.7
A:GLU:102	A:ILE:100	1.0
A:GLU:61	A:LYS:84	0.15
A:ASP:9	A:ASP:9	0.05
A:CYS:34	A:VAL:12	0.25
A:GLU:43	A:LYS:39	1.0
A:GLU:43	A:LEU:36	0.6
A:ALA:77	A:ARG:76	0.4
A:ASP:17	A:CYS:19	1.0
A:ILE:100	A:PHE:48	0.55
A:THR:41	A:VAL:44	0.8
A:LEU:16	A:LYS:20	0.75
A:ASP:42	A:VAL:44	1.0
A:HIS:27	A:HIS:27	0.35
A:LEU:7	A:PHE:3	0.95
A:GLY:23	A:PHE:25	1.0
A:PHE:25	A:PHE:30	0.35
A:ASP:54	A:GLU:63	1.0
A:LYS:45	A:THR:41	1.0
A:ASP:52	A:SER:56	0.2
A:ALA:49	A:LYS:55	0.6
A:GLY:57	A:LYS:55	1.0
A:ASN:70	A:ILE:50	0.8
A:ASP:80	A:LEU:78	0.1
A:LYS:65	A:THR:83	1.0
A:ASP:52	A:PHE:58	0.5
A:GLN:69	A:PHE:71	1.0
A:ALA:15	A:THR:13	1.0
A:ILE:98	A:PHE:58	0.05
A:ALA:2	A:ILE:50	1.0
A:ASP:101	A:GLU:102	0.05
A:GLY:38	A:ILE:107	0.15
A:PHE:48	A:PHE:58	0.25
A:GLY:90	A:MET:106	0.9
A:ALA:105	A:GLU:102	1.0
A:ALA:15	A:CYS:19	0.9
A:ALA:89	A:ASP:91	0.25
A:ALA:81	A:THR:83	1.0
A:ASN:70	A:ASN:70	0.85
A:GLY:99	A:PHE:48	0.8
A:ASP:52	A:ASP:54	1.0
A:GLN:69	A:LEU:66	1.0
A:GLU:60	A:GLU:63	1.0
A:ALA:49	A:LYS:45	0.7
A:ALA:73	A:SER:0	0.6
A:LYS:72	A:MET:1	0.4
A:ASP:52	A:GLY:57	0.05
A:LYS:28	A:PHE:31	0.6
A:ASP:91	A:LYS:88	0.95
A:GLU:61	A:GLU:63	1.0
A:GLU:63	A:LYS:65	1.0
A:ILE:50	A:PHE:3	1.0
A:GLY:90	A:SER:92	1.0
A:GLY:94	A:SER:92	1.0
A:GLU:60	A:PHE:58	0.95
A:GLU:82	A:SER:79	1.0
A:ALA:14	A:GLY:18	1.0
A:GLY:35	A:LYS:39	1.0
A:ILE:59	A:LEU:64	1.0
A:MET:106	A:PHE:86	1.0
A:ALA:14	A:LEU:16	1.0
A:ALA:73	A:LYS:72	0.05
A:ALA:4	A:ASP:9	0.2
A:ALA:81	A:LYS:84	1.0
A:LEU:16	A:THR:13	1.0
A:GLU:102	A:SER:92	0.3
A:ALA:104	A:ILE:107	1.0
A:PHE:67	A:PHE:71	0.3
A:ALA:47	A:LYS:45	1.0
A:ALA:14	A:ASP:17	0.7
A:GLU:63	A:LEU:66	1.0
A:CYS:19	A:LEU:16	0.9
A:GLU:43	A:SER:40	1.0
A:GLU:61	A:LEU:64	1.0
A:LEU:68	A:PHE:25	0.05
A:GLY:35	A:GLY:38	0.55
A:ASP:26	A:CYS:19	0.15
A:LYS:108	A:THR:41	0.45
A:GLN:69	A:PHE:67	1.0
A:GLY:94	A:GLY:96	1.0
A:ALA:33	A:LYS:29	1.0
A:LEU:68	A:LEU:78	0.85
A:ASN:70	A:MET:1	0.1
A:ALA:2	A:VAL:6	0.05
A:GLY:35	A:LYS:32	0.65
A:ALA:85	A:HIS:27	0.3
A:LYS:29	A:PHE:31	1.0
A:GLU:82	A:SER:24	0.25
A:ALA:22	A:GLU:82	0.25
A:ALA:4	A:MET:1	1.0
A:ASP:91	A:GLY:94	0.95
A:ALA:77	A:LYS:65	1.0
A:ALA:81	A:SER:79	1.0
A:LEU:87	A:THR:83	1.0
A:PHE:3	A:SER:5	1.0
A:ASP:54	A:ASP:54	0.9
A:GLU:63	A:ILE:51	0.05
A:ASP:42	A:LYS:46	0.95
A:GLY:35	A:PHE:31	1.0
A:ASP:52	A:ASP:52	0.35
A:PHE:103	A:VAL:44	0.85
A:LEU:78	A:PHE:25	1.0
A:GLN:69	A:LYS:72	1.0
A:GLU:82	A:GLU:82	0.25
A:GLN:53	A:LYS:55	0.95
A:ASP:9	A:THR:13	1.0
A:GLN:53	A:GLN:69	0.75
A:GLU:82	A:PHE:86	1.0
A:LEU:68	A:LYS:72	0.15
A:SER:5	A:SER:5	0.05
A:ILE:98	A:LEU:87	0.9
A:ASN:70	A:PHE:67	1.0
A:LEU:36	A:PHE:31	1.0
A:ILE:100	A:PHE:103	1.0
A:ALA:2	A:ASN:70	0.05
A:LYS:97	A:PHE:58	0.9
A:GLU:43	A:LYS:46	1.0
A:ASP:91	A:ASP:93	1.0
A:ARG:76	A:LEU:68	0.95
A:LEU:78	A:LYS:65	1.0
A:ASP:52	A:LYS:55	1.0
A:LYS:84	A:LYS:88	1.0
A:ALA:15	A:PHE:30	1.0
A:ILE:98	A:PHE:48	0.75
A:ILE:107	A:PHE:103	1.0
A:ASP:26	A:LYS:28	0.95
A:LEU:87	A:LYS:84	1.0
A:LYS:72	A:PHE:71	0.05
A:LYS:8	A:VAL:12	1.0
A:ALA:105	A:ASP:101	1.0
A:LYS:55	A:PHE:48	0.05
A:ASP:42	A:ASP:42	0.05
A:ASP:80	A:LYS:65	0.05
A:ASP:93	A:GLU:102	0.85
A:GLY:109	A:ILE:107	1.0
A:LEU:36	A:PHE:3	0.5
A:ARG:76	A:GLY:74	0.2
A:ALA:73	A:ALA:75	0.05
A:ASP:101	A:ASP:101	0.85
A:PHE:58	A:SER:56	0.9
A:GLU:60	A:GLY:96	0.75
A:LEU:64	A:THR:83	1.0
A:LYS:65	A:SER:79	0.05
A:GLY:99	A:PHE:103	1.0
A:LYS:32	A:SER:37	0.75
A:ILE:107	A:LEU:36	0.2
A:PHE:25	A:PHE:67	1.0
A:GLU:63	A:GLU:63	0.05
A:GLN:69	A:SER:0	0.25
A:ALA:105	A:PHE:103	1.0
A:MET:106	A:PHE:103	1.0
A:ASP:91	A:LYS:97	1.0
A:ASP:95	A:LYS:97	1.0
A:ASP:91	A:GLY:96	0.75
A:ASP:52	A:ILE:59	0.85
A:LYS:39	A:LYS:8	0.05
A:GLU:62	A:LYS:65	0.95
A:ILE:51	A:LEU:66	0.85
A:ALA:105	A:LYS:108	1.0
A:ALA:47	A:VAL:44	1.0
A:GLU:60	A:SER:56	0.6
A:ALA:85	A:LYS:88	0.35
A:LYS:46	A:PHE:48	1.0
A:ASP:80	A:SER:79	0.5
A:ASP:26	A:PHE:30	1.0
A:ASP:17	A:LYS:20	1.0
A:GLU:62	A:GLU:62	0.05
A:LEU:68	A:PHE:71	0.25
A:ASP:52	A:ILE:50	1.0
A:ALA:21	A:GLY:23	0.65
A:LEU:36	A:LEU:7	0.7
A:CYS:34	A:PHE:31	0.85
A:GLU:61	A:GLY:96	0.75
A:SER:92	A:SER:92	0.05
A:ILE:107	A:PHE:31	1.0
A:HIS:27	A:LYS:28	0.55
A:ILE:50	A:PHE:48	1.0
A:ALA:104	A:ILE:100	1.0
A:ASP:54	A:LYS:55	0.25
A:CYS:19	A:LEU:78	0.05
A:ALA:33	A:PHE:31	1.0
A:HIS:27	A:PHE:30	1.0
A:CYS:34	A:LEU:7	0.9
A:ALA:14	A:VAL:12	1.0
A:SER:5	A:VAL:6	0.1
A:ALA:89	A:LEU:87	1.0
A:PHE:31	A:PHE:67	1.0
A:ALA:85	A:LEU:87	1.0
A:ASN:70	A:LYS:72	1.0
A:LEU:66	A:LEU:68	1.0
A:GLU:11	A:LYS:8	1.0
A:GLU:102	A:MET:106	1.0
A:SER:40	A:VAL:44	1.0
A:LEU:7	A:SER:5	0.95
A:GLY:99	A:PHE:58	0.3
A:LYS:32	A:PHE:30	1.0
A:MET:1	A:PHE:71	0.6
A:LEU:16	A:PHE:30	0.4
A:ALA:21	A:CYS:19	1.0
A:ILE:98	A:PHE:86	0.75
A:ASP:52	A:GLU:63	0.5
A:LYS:46	A:VAL:44	1.0
A:ALA:33	A:GLY:35	1.0
A:ALA:104	A:MET:106	1.0
A:CYS:34	A:LEU:36	1.0
A:CYS:19	A:LEU:68	0.7
A:ALA:104	A:VAL:44	1.0
A:ALA:21	A:ARG:76	0.65
A:CYS:34	A:PHE:71	0.05
A:ASP:91	A:GLU:102	0.85
A:CYS:19	A:PHE:25	0.95
A:ILE:59	A:LYS:97	0.4
A:ALA:10	A:VAL:12	0.55
A:LYS:28	A:PHE:30	1.0
A:ASP:101	A:GLY:99	1.0
A:LEU:16	A:PHE:71	1.0
A:LEU:36	A:LYS:39	1.0
A:ASP:9	A:MET:1	0.55
A:GLU:61	A:LYS:65	0.75
A:GLY:38	A:SER:37	0.05
A:PHE:86	A:THR:83	0.75
A:ALA:14	A:GLU:11	1.0
A:ALA:10	A:ALA:14	0.35
A:ASP:80	A:LYS:84	1.0
A:LEU:68	A:PHE:30	1.0
A:ASP:17	A:ASP:17	0.05
A:GLN:53	A:ILE:51	1.0
A:GLU:43	A:LYS:45	1.0
A:LYS:72	A:SER:0	0.5
A:SER:24	A:SER:24	0.3
A:ASN:70	A:LEU:66	0.25
A:ILE:51	A:ILE:59	0.15
A:LEU:16	A:LEU:68	0.5
A:LYS:39	A:SER:37	1.0
A:ALA:47	A:PHE:103	0.15
A:GLN:53	A:SER:0	0.05
A:LYS:28	A:LYS:32	1.0
A:ALA:47	A:ILE:51	1.0
A:GLU:60	A:LEU:64	1.0
A:GLU:61	A:LEU:87	0.5
A:ILE:51	A:PHE:67	0.2
A:ASN:70	A:PHE:71	0.85
A:CYS:34	A:GLU:11	0.1
A:LEU:7	A:LYS:39	0.55
A:LEU:64	A:PHE:86	0.55
A:ASP:80	A:GLU:82	0.8
A:ASP:42	A:SER:40	1.0
A:MET:106	A:PHE:31	0.25
A:LYS:65	A:PHE:67	1.0
A:ALA:85	A:THR:83	1.0
A:ALA:77	A:SER:79	0.5
A:ASN:70	A:ILE:51	1.0
A:GLY:90	A:PHE:86	0.45
A:ALA:2	A:SER:5	0.95
A:GLU:102	A:GLY:90	0.6
A:ILE:51	A:PHE:48	0.45
A:GLU:82	A:LYS:84	1.0
A:ASN:70	A:LEU:68	1.0
A:ALA:85	A:GLU:82	0.75
A:ILE:59	A:ILE:98	1.0
A:ALA:47	A:PHE:3	0.95
A:ALA:22	A:LYS:20	0.5
A:GLY:109	A:LYS:28	0.05
A:PHE:3	A:VAL:6	1.0
A:LYS:108	A:MET:106	0.9
A:ILE:107	A:VAL:44	1.0
A:PHE:30	A:PHE:71	1.0
A:ASP:80	A:ASP:80	0.5
A:LEU:78	A:THR:83	1.0
A:ALA:75	A:GLN:69	0.75
A:ASP:42	A:LYS:45	1.0
A:SER:79	A:THR:83	1.0
A:GLU:102	A:GLY:99	0.65
A:GLU:60	A:GLU:60	0.8
A:GLU:63	A:SER:56	0.7
A:LYS:28	A:MET:106	0.1
A:ASP:54	A:GLN:53	0.1
A:GLU:43	A:VAL:6	0.1
A:HIS:27	A:MET:106	0.35
A:GLU:61	A:THR:83	0.95
A:ASP:93	A:SER:92	0.1
